"#id","#firstname","#surname","#dob"
"#1","#Adriana","#Dibson","#636353280000000000"
"#2","#Con","#Van Vuuren","#636413760000000000"
"#3","#Robinett","#Groveham","#636564960000000000"
"#4","#Leroi","#Giacubo","#636554592000000000"
"#5","#Travers","#Hammand","#636581376000000000"
"#6","#Brion","#Costell","#636532992000000000"
"#7","#Lu","#Glede","#636298848000000000"
"#8","#Pollyanna","#Iorizzo","#636469056000000000"
"#9","#Dulcinea","#Headly","#636373152000000000"
"#10","     #Eric  ","   #Chasen        "," #636314400000000000    "
"#11","#Gardner","#Tomczykowski","#636462144000000000"
"#12","#Quentin","#Gilbank","#636547680000000000"
"#13","#Tarah","#Farnell","#636543360000000000"
"#14","#Waring","#Marjot","#636577920000000000"
"#15","#Godard","#McGaughey","#636471648000000000"
"#16","#Rodrigo","#Dalbey","#636473376000000000"
"#17","#Rhetta","#Perazzo","#636563232000000000"
"#18","#Aldis","#Rubartelli","#636329088000000000"
"#19","#Rochester","#MacNess","#636323040000000000"
"#20","#Brendan","#Hickin","#636469056000000000"
"#21","#Collin","#Addenbrooke","#636304896000000000"
"#22","#Veriee","#Rickis","#636318720000000000"
"#23","#Carry","#Ohlsen","#636426720000000000"
"#24","#Sherie","#Turfes","#636538176000000000"
"#25","#Kincaid","#Mardlin","#636489792000000000"
"#26","#Costanza","#Mottershead","#636338592000000000"
"#27","#Marin","#Coudray","#636488928000000000"
"#28","#Cassaundra","#Sirmon","#636397344000000000"
"#29","#Margie","#Yurchishin","#636296256000000000"
"#30","#Leesa","#Wingate","#636478560000000000"
"#31","#Ivett","#Karolyi","#636426720000000000"
"#32","#Orazio","#Minney","#636409440000000000"
"#33","#Del","#Drance","#636392160000000000"
"#34","#George","#Cowthard","#636562368000000000"
"#35","#Harv","#Coney","#636328224000000000"
"#36","#Randie","#Stookes","#636353280000000000"
"#37","#Bevvy","#Proffitt","#636428448000000000"
"#38","#Janis","#Pirrey","#636492384000000000"
"#39","#Price","#Lenox","#636449184000000000"
"#40","#Hube","#Sapseed","#636482016000000000"
"#41","#Raynell","#Rulten","#636379200000000000"
"#42","#Spenser","#Killiner","#636349824000000000"
"#43","#Mair","#Bondesen","#636456960000000000"
"#44","#Anastasia","#Shankster","#636504480000000000"
"#45","#Nicole","#Orwin","#636549408000000000"
"#46","#Leodora","#Mityushkin","#636406848000000000"
"#47","#Emelda","#Kirkby","#636522624000000000"
"#48","#Marve","#Almond","#636438816000000000"
"#49","#Hugues","#Rozet","#636534720000000000"
"#50","#Ofella","#MacGillivray","#636365376000000000"
"#51","#Egbert","#Sagg","#636574464000000000"
"#52","#Nonnah","#Armand","#636509664000000000"
"#53","#Bernetta","#Dodworth","#636293664000000000"
"#54","#Reamonn","#Spurriar","#636422400000000000"
"#55","#Jed","#Hambridge","#636363648000000000"
"#56","#Alicia","#Ciraldo","#636349824000000000"
"#57","#Sarita","#Swinnerton","#636280704000000000"
"#58","#Aguste","#Emmett","#636294528000000000"
"#59","#Shandeigh","#Watsam","#636500160000000000"
"#60","#Giorgia","#O'Hickee","#636412896000000000"
"#61","#Tobey","#Mewhirter","#636555456000000000"
"#62","#Robena","#Sutliff","#636393024000000000"
"#63","#Marice","#Cardew","#636553728000000000"
"#64","#Keary","#Trewett","#636293664000000000"
"#65","#Lynn","#Scarlin","#636441408000000000"
"#66","#Vere","#Grunwall","#636507936000000000"
"#67","#Nelli","#Aarons","#636385248000000000"
"#68","#Glori","#Hinkes","#636357600000000000"
"#69","#Natassia","#Abels","#636299712000000000"
"#70","#Erma","#Abramin","#636420672000000000"
"#71","#Dana","#Fountain","#636410304000000000"
"#72","#Ade","#Rosenstengel","#636425856000000000"
"#73","#Brok","#Adamides","#636386976000000000"
"#74","#Sari","#Macura","#636322176000000000"
"#75","#Lenna","#Areles","#636393888000000000"
"#76","#Berna","#Loveless","#636412032000000000"
"#77","#Jemmie","#Tidgewell","#636543360000000000"
"#78","#Luigi","#Dunsford","#636375744000000000"
"#79","#Cal","#Harriott","#636470784000000000"
"#80","#Helga","#Fitzpatrick","#636537312000000000"
"#81","#Scotty","#Longcaster","#636546816000000000"
"#82","#Anetta","#Beaushaw","#636497568000000000"
"#83","#Dominique","#Stoneman","#636323904000000000"
"#84","#Colan","#Tiley","#636308352000000000"
"#85","#Elianore","#Wyley","#636458688000000000"
"#86","#Krishna","#Voller","#636278976000000000"
"#87","#Bran","#Goering","#636567552000000000"
"#88","#Gina","#Valde","#636281568000000000"
"#89","#Maegan","#Angric","#636496704000000000"
"#90","#Husain","#McOrkil","#636384384000000000"
"#91","#Derwin","#Mc Grath","#636304032000000000"
"#92","#Teressa","#Marzelli","#636362784000000000"
"#93","#Delano","#Bemment","#636524352000000000"
"#94","#Dolly","#Fadian","#636429312000000000"
"#95","#Dun","#Bruce","#636554592000000000"
"#96","#Babita","#Percifull","#636348960000000000"
"#97","#Maryjane","#Kilmurray","#636463872000000000"
"#98","#Adams","#Gilffilland","#636484608000000000"
"#99","#Matilda","#Bucknill","#636534720000000000"
"#100","#Kincaid","#Cuddehay","#636372288000000000"
"#101","#Abigail","#Neilan","#636298848000000000"
"#102","#Dreddy","#Deetlefs","#636386976000000000"
"#103","#Hilliard","#Dartnell","#636450048000000000"
"#104","#Winfield","#Madoc-Jones","#636401664000000000"
"#105","#Jobina","#Blenkinship","#636513120000000000"
"#106","#Elysia","#Frondt","#636383520000000000"
"#107","#Jammal","#Moulding","#636284160000000000"
"#108","#Therine","#Hlavecek","#636491520000000000"
"#109","#Edith","#Leethem","#636440544000000000"
"#110","#Cindee","#Heffernan","#636578784000000000"
"#111","#Pierrette","#Dillon","#636278976000000000"
"#112","#Tildy","#Delacourt","#636276384000000000"
"#113","#Jenifer","#Lotterington","#636413760000000000"
"#114","#Godfry","#Borton","#636500160000000000"
"#115","#Giraldo","#Timcke","#636465600000000000"
"#116","#Tommie","#Connolly","#636387840000000000"
"#117","#Charlie","#Huckabe","#636567552000000000"
"#118","#Hamlen","#McBay","#636558912000000000"
"#119","#Arline","#Skeermer","#636324768000000000"
"#120","#Karrah","#Mapledorum","#636555456000000000"
"#121","#Dyann","#Pucker","#636317856000000000"
"#122","#Kelley","#Rosen","#636345504000000000"
"#123","#Orton","#Clendinning","#636395616000000000"
"#124","#Nedi","#Kryzhov","#636486336000000000"
"#125","#Augustine","#Goodyear","#636339456000000000"
"#126","#Burch","#Daniells","#636323040000000000"
"#127","#Harald","#Eddow","#636486336000000000"
"#128","#Elsey","#Chaucer","#636373152000000000"
"#129","#Elaina","#Ruse","#636489792000000000"
"#130","#Chip","#Gockelen","#636508800000000000"
"#131","#Kata","#Newall","#636476832000000000"
"#132","#Pammie","#Meth","#636506208000000000"
"#133","#Erica","#Twittey","#636306624000000000"
"#134","#Tiffie","#O'Sullivan","#636488928000000000"
"#135","#Susann","#Lilford","#636291072000000000"
"#136","#Rosette","#Behne","#636391296000000000"
"#137","#Ninette","#Alebrooke","#636484608000000000"
"#138","#Josephina","#Downgate","#636375744000000000"
"#139","#Blinnie","#Frain","#636503616000000000"
"#140","#Ruggiero","#Souttar","#636302304000000000"
"#141","#Kimberlyn","#Babe","#636526080000000000"
"#142","#Linnie","#Stronge","#636379200000000000"
"#143","#Urbain","#Cleall","#636452640000000000"
"#144","#Ivor","#Finessy","#636475968000000000"
"#145","#Marrilee","#Marflitt","#636539904000000000"
"#146","#Rafe","#Aspy","#636453504000000000"
"#147","#Maude","#Gilhool","#636377472000000000"
"#148","#Phyllys","#Snook","#636429312000000000"
"#149","#Nollie","#Tremellan","#636315264000000000"
"#150","#Ruddy","#Bygreaves","#636455232000000000"
"#151","#Holden","#Freddi","#636305760000000000"
"#152","#Base","#Patshull","#636539040000000000"
"#153","#Karrah","#Woodnutt","#636366240000000000"
"#154","#Sander","#Ucceli","#636374880000000000"
"#155","#Wayland","#Loughton","#636355872000000000"
"#156","#Benetta","#Echelle","#636454368000000000"
"#157","#Flory","#Aimson","#636309216000000000"
"#158","#Belle","#Chambers","#636572736000000000"
"#159","#Pierrette","#Traylen","#636460416000000000"
"#160","#Ingram","#Yesenin","#636561504000000000"
"#161","#Avie","#Diloway","#636584832000000000"
"#162","#Bridget","#Bradie","#636514848000000000"
"#163","#Todd","#Osgardby","#636377472000000000"
"#164","#Minda","#Merriman","#636549408000000000"
"#165","#Missie","#Goodbarne","#636437088000000000"
"#166","#Ardelis","#Rosina","#636372288000000000"
"#167","#Adams","#Vanner","#636564096000000000"
"#168","#Delora","#Rewan","#636523488000000000"
"#169","#Bree","#Troup","#636317856000000000"
"#170","#Alexander","#Jarrell","#636349824000000000"
"#171","#Norma","#Alexandrou","#636418080000000000"
"#172","#Bruce","#Alishoner","#636520896000000000"
"#173","#Curtice","#Baudinet","#636381792000000000"
"#174","#Kerr","#Peppard","#636335136000000000"
"#175","#Correna","#Giamitti","#636354144000000000"
"#176","#Harbert","#Poynton","#636407712000000000"
"#177","#Robinia","#Volette","#636463008000000000"
"#178","#Glenn","#Galliford","#636431904000000000"
"#179","#Sherrie","#Dobbyn","#636436224000000000"
"#180","#Frederich","#Sinyard","#636351552000000000"
"#181","#Penny","#Benet","#636286752000000000"
"#182","#Tobey","#Chezelle","#636437952000000000"
"#183","#Klaus","#Americi","#636511392000000000"
"#184","#Murdock","#Slaney","#636538176000000000"
"#185","#Beniamino","#Luffman","#636334272000000000"
"#186","#Pattie","#Brady","#636394752000000000"
"#187","#Salome","#Swate","#636418080000000000"
"#188","#Ramon","#Boothby","#636529536000000000"
"#189","#Mada","#Waldron","#636281568000000000"
"#190","#Olly","#Folder","#636510528000000000"
"#191","#Kenton","#Huitt","#636552000000000000"
"#192","#Vanni","#Boame","#636587424000000000"
"#193","#Marcello","#Odda","#636545952000000000"
"#194","#Brnaby","#Jee","#636326496000000000"
"#195","#Ezri","#Twoohy","#636561504000000000"
"#196","#Brocky","#McIsaac","#636290208000000000"
"#197","#Cynthea","#Corah","#636344640000000000"
"#198","#Daffie","#Pink","#636286752000000000"
"#199","#Petra","#Berwick","#636438816000000000"
"#200","#Delly","#Hendrikse","#636389568000000000"
"#201","#Lewes","#Tremonte","#636444864000000000"
"#202","#Uriel","#Ducrow","#636415488000000000"
"#203","#Yurik","#Funcheon","#636453504000000000"
"#204","#Melodee","#Bartkiewicz","#636393024000000000"
"#205","#Eduardo","#Collinette","#636274656000000000"
"#206","#Herschel","#Audas","#636481152000000000"
"#207","#Inglis","#Girth","#636275520000000000"
"#208","#Isabelle","#Koubu","#636377472000000000"
"#209","#Blanche","#Spraging","#636473376000000000"
"#210","#Major","#Richfield","#636527808000000000"
"#211","#Sammy","#Chattelaine","#636380928000000000"
"#212","#Raine","#Mole","#636477696000000000"
"#213","#Truman","#Washbrook","#636534720000000000"
"#214","#Vidovik","#Mc Queen","#636531264000000000"
"#215","#Meggi","#Meriet","#636331680000000000"
"#216","#Jacynth","#Milberry","#636463872000000000"
"#217","#Jada","#MacShirrie","#636580512000000000"
"#218","#Ardelia","#Pettegre","#636295392000000000"
"#219","#Gerhardine","#Berriball","#636495840000000000"
"#220","#Edeline","#Finney","#636380928000000000"
"#221","#Hartwell","#Bladen","#636541632000000000"
"#222","#Aeriell","#Crutcher","#636569280000000000"
"#223","#Hendrika","#Peat","#636463872000000000"
"#224","#Sherlock","#Elcoat","#636293664000000000"
"#225","#Benedick","#Halegarth","#636329952000000000"
"#226","#Tommi","#Whatling","#636523488000000000"
"#227","#Berny","#Rannald","#636367104000000000"
"#228","#Morgen","#Vandrill","#636493248000000000"
"#229","#Otho","#Enriquez","#636278976000000000"
"#230","#Dorisa","#Pendlebery","#636496704000000000"
"#231","#Silvester","#O'Crowley","#636340320000000000"
"#232","#Antonie","#Blackney","#636553728000000000"
"#233","#Matthiew","#Aisman","#636343776000000000"
"#234","#Berty","#Peever","#636350688000000000"
"#235","#Karissa","#Stickins","#636446592000000000"
"#236","#Annelise","#Dines","#636285024000000000"
"#237","#Russell","#Thormwell","#636484608000000000"
"#238","#Gerick","#Waggett","#636572736000000000"
"#239","#Noami","#Gibard","#636374016000000000"
"#240","#Lazarus","#Trousdale","#636403392000000000"
"#241","#Alwin","#Fairholm","#636289344000000000"
"#242","#Jonas","#Harse","#636514848000000000"
"#243","#Shelley","#Tchaikovsky","#636538176000000000"
"#244","#Georgeanne","#Tremmel","#636525216000000000"
"#245","#Carly","#Jacmard","#636453504000000000"
"#246","#Clea","#Rosson","#636305760000000000"
"#247","#Marcellus","#Stockney","#636439680000000000"
"#248","#Nikolia","#Bosma","#636488064000000000"
"#249","#Auroora","#Spinley","#636374880000000000"
"#250","#Trip","#Ferrick","#636393888000000000"
"#251","#Genni","#Mitrikhin","#636360192000000000"
"#252","#Peyter","#Patey","#636279840000000000"
"#253","#Whittaker","#Cutteridge","#636278112000000000"
"#254","#Giraud","#Elfleet","#636461280000000000"
"#255","#Ashlen","#Border","#636423264000000000"
"#256","#Daphne","#Poleykett","#636558912000000000"
"#257","#Norma","#Milthorpe","#636424992000000000"
"#258","#Emeline","#Stewart","#636432768000000000"
"#259","#Roxie","#Ragles","#636499296000000000"
"#260","#Ashla","#Shwalbe","#636420672000000000"
"#261","#Orren","#Stairmand","#636322176000000000"
"#262","#Spencer","#Braham","#636335136000000000"
"#263","#Odetta","#De Santos","#636466464000000000"
"#264","#Nevil","#de Keep","#636503616000000000"
"#265","#Bunnie","#Caddick","#636452640000000000"
"#266","#Penn","#Parke","#636540768000000000"
"#267","#Breanne","#Rosi","#636402528000000000"
"#268","#Lind","#Garnar","#636462144000000000"
"#269","#Amalle","#Grabbam","#636470784000000000"
"#270","#Ethe","#Bygrove","#636494976000000000"
"#271","#Angeli","#Dami","#636399072000000000"
"#272","#Liliane","#Gergler","#636559776000000000"
"#273","#Bennett","#Shervil","#636431904000000000"
"#274","#Roddy","#Solleme","#636387840000000000"
"#275","#Aguistin","#Mackison","#636312672000000000"
"#276","#Dill","#Santello","#636321312000000000"
"#277","#Alec","#Drogan","#636466464000000000"
"#278","#Dinah","#Simmill","#636344640000000000"
"#279","#Robin","#Bugden","#636287616000000000"
"#280","#Lotty","#Chippendale","#636459552000000000"
"#281","#Lanny","#Cawthery","#636352416000000000"
"#282","#Dulcinea","#Brunsen","#636552864000000000"
"#283","#Erny","#Erdis","#636424128000000000"
"#284","#Jesse","#Dewdeny","#636367104000000000"
"#285","#Pepi","#Tregido","#636407712000000000"
"#286","#Emmerich","#Gotcliffe","#636353280000000000"
"#287","#Doretta","#Cruttenden","#636447456000000000"
"#288","#Lazare","#Tabrett","#636323904000000000"
"#289","#Whitaker","#Jachimczak","#636463872000000000"
"#290","#Leilah","#Lynd","#636291072000000000"
"#291","#Rabi","#Spatari","#636466464000000000"
"#292","#Ula","#Rennick","#636459552000000000"
"#293","#Peadar","#Drewery","#636399936000000000"
"#294","#Dinnie","#McInnes","#636399072000000000"
"#295","#Louie","#Dunphy","#636558048000000000"
"#296","#Rene","#Babbage","#636485472000000000"
"#297","#Esta","#Denisovo","#636444000000000000"
"#298","#Dionysus","#Aspell","#636411168000000000"
"#299","#Ced","#Vaissiere","#636367104000000000"
"#300","#Justine","#Westpfel","#636457824000000000"
"#301","#Karrah","#Points","#636459552000000000"
"#302","#Maximilianus","#Tremain","#636347232000000000"
"#303","#Roslyn","#Grog","#636342048000000000"
"#304","#Miran","#Greve","#636298848000000000"
"#305","#Coralie","#Clapham","#636455232000000000"
"#306","#Leena","#Duggan","#636537312000000000"
"#307","#Anna","#Dovydenas","#636384384000000000"
"#308","#Jesse","#Mumberson","#636367968000000000"
"#309","#Tanner","#Turbitt","#636284160000000000"
"#310","#Irene","#Scanterbury","#636399072000000000"
"#311","#Whitney","#Tear","#636448320000000000"
"#312","#Natassia","#Culpen","#636466464000000000"
"#313","#Maribeth","#Fildes","#636368832000000000"
"#314","#Urbain","#Murch","#636430176000000000"
"#315","#Amberly","#Marquis","#636318720000000000"
"#316","#Jacki","#Ciobotaru","#636297120000000000"
"#317","#Jackie","#McKeown","#636499296000000000"
"#318","#Maiga","#Wooler","#636346368000000000"
"#319","#Renate","#Shimon","#636400800000000000"
"#320","#Ilise","#Lambregts","#636559776000000000"
"#321","#Coraline","#Matteucci","#636328224000000000"
"#322","#Lottie","#Spykins","#636540768000000000"
"#323","#Janeva","#Arrow","#636365376000000000"
"#324","#Sophey","#Rigmond","#636433632000000000"
"#325","#Catherine","#Rustman","#636350688000000000"
"#326","#Orlando","#Rustich","#636434496000000000"
"#327","#Herc","#Longrigg","#636574464000000000"
"#328","#Miner","#Muncie","#636484608000000000"
"#329","#Mab","#Menichelli","#636385248000000000"
"#330","#Jeanie","#Jackling","#636301440000000000"
"#331","#Joana","#Manclark","#636372288000000000"
"#332","#Doralin","#Matisse","#636281568000000000"
"#333","#Alyssa","#Reasce","#636285024000000000"
"#334","#Madelin","#Rowlin","#636463872000000000"
"#335","#Benedicta","#Dax","#636385248000000000"
"#336","#Andrea","#Couroy","#636504480000000000"
"#337","#Bonnee","#Redgrove","#636361056000000000"
"#338","#Giraud","#Dealey","#636329088000000000"
"#339","#Terrye","#Hansman","#636506208000000000"
"#340","#Radcliffe","#Crombleholme","#636294528000000000"
"#341","#Sada","#Portman","#636384384000000000"
"#342","#Gram","#Chaperlin","#636587424000000000"
"#343","#Bibbie","#Gillard","#636525216000000000"
"#344","#Chance","#Perton","#636581376000000000"
"#345","#Yelena","#Mardell","#636434496000000000"
"#346","#Sterne","#Tuckerman","#636281568000000000"
"#347","#Kurt","#Royse","#636321312000000000"
"#348","#Puff","#Wathan","#636444000000000000"
"#349","#Goddart","#Silson","#636549408000000000"
"#350","#Feodora","#Neve","#636531264000000000"
"#351","#Floris","#Ellerbeck","#636463008000000000"
"#352","#Priscilla","#Byers","#636453504000000000"
"#353","#Meriel","#Fender","#636294528000000000"
"#354","#Dinny","#Ludlamme","#636310080000000000"
"#355","#Sauveur","#McKenzie","#636584832000000000"
"#356","#Jodie","#Gladwin","#636291936000000000"
"#357","#Wylie","#Hodinton","#636526944000000000"
"#358","#Drew","#Bridie","#636364512000000000"
"#359","#Loree","#Henfre","#636468192000000000"
"#360","#Avram","#Thairs","#636584832000000000"
"#361","#Thurston","#Sackes","#636364512000000000"
"#362","#Hortensia","#Wardhaw","#636424992000000000"
"#363","#Adriana","#Andrin","#636571872000000000"
"#364","#Melloney","#Goodspeed","#636276384000000000"
"#365","#Bekki","#Rabjohns","#636438816000000000"
"#366","#Grantham","#Gitthouse","#636316128000000000"
"#367","#Arie","#Lanphere","#636422400000000000"
"#368","#Thornton","#Mynett","#636292800000000000"
"#369","#Redd","#Hallowell","#636473376000000000"
"#370","#Barclay","#Hugland","#636458688000000000"
"#371","#Mathias","#Dorr","#636378336000000000"
"#372","#Cris","#Wilmott","#636541632000000000"
"#373","#Lance","#Greguoli","#636465600000000000"
"#374","#Ruttger","#Van Vuuren","#636463872000000000"
"#375","#Jobey","#Mitrikhin","#636428448000000000"
"#376","#Bruno","#Rothera","#636361056000000000"
"#377","#Hyman","#Flexman","#636428448000000000"
"#378","#Cyb","#Padden","#636558048000000000"
"#379","#Reynolds","#Kippie","#636296256000000000"
"#380","#Florette","#Bruneton","#636291936000000000"
"#381","#Florian","#Ortells","#636331680000000000"
"#382","#Stormy","#Zarb","#636520032000000000"
"#383","#Neville","#Corser","#636453504000000000"
"#384","#Dorelia","#Doree","#636482016000000000"
"#385","#Penni","#Behrens","#636484608000000000"
"#386","#Harold","#Pedroli","#636530400000000000"
"#387","#Wilbert","#Domb","#636490656000000000"
"#388","#Torin","#Fitzsimons","#636337728000000000"
"#389","#Vladimir","#Pencost","#636485472000000000"
"#390","#Hana","#Andersen","#636429312000000000"
"#391","#Melosa","#Eyden","#636382656000000000"
"#392","#Samara","#Ruzic","#636513984000000000"
"#393","#Melvyn","#Secombe","#636551136000000000"
"#394","#Jacinthe","#Emps","#636464736000000000"
"#395","#Denys","#Enright","#636542496000000000"
"#396","#Dianna","#Brugger","#636348096000000000"
"#397","#Marnie","#Seathwright","#636415488000000000"
"#398","#Cordula","#Linden","#636563232000000000"
"#399","#Haley","#Gee","#636312672000000000"
"#400","#Augie","#Hamlett","#636444864000000000"
"#401","#Carolus","#Potten","#636479424000000000"
"#402","#Iorgo","#Boundy","#636274656000000000"
"#403","#Brynna","#Schirak","#636432768000000000"
"#404","#Gavin","#Sitlinton","#636588288000000000"
"#405","#Bobinette","#Aglione","#636488064000000000"
"#406","#Chaim","#Clancey","#636402528000000000"
"#407","#Gilemette","#Thomazin","#636448320000000000"
"#408","#Consalve","#Blackader","#636545088000000000"
"#409","#Lazar","#Jeays","#636556320000000000"
"#410","#Daisie","#Craigie","#636425856000000000"
"#411","#Holly","#Bogey","#636560640000000000"
"#412","#Brien","#Peplaw","#636362784000000000"
"#413","#Maxie","#Halcro","#636587424000000000"
"#414","#Thoma","#Ortmann","#636333408000000000"
"#415","#Bond","#Diem","#636372288000000000"
"#416","#Malynda","#Myhill","#636376608000000000"
"#417","#Betteann","#Meryett","#636287616000000000"
"#418","#Skylar","#Longshaw","#636578784000000000"
"#419","#Augy","#Dedrick","#636399072000000000"
"#420","#Saree","#Goghin","#636539904000000000"
"#421","#Jourdan","#Letson","#636513984000000000"
"#422","#Kimberlyn","#Greenwood","#636516576000000000"
"#423","#Jude","#MacKim","#636293664000000000"
"#424","#Westbrook","#Corker","#636316992000000000"
"#425","#Gawen","#Hitzmann","#636529536000000000"
"#426","#Chantal","#Kubis","#636297984000000000"
"#427","#Dell","#Riddeough","#636400800000000000"
"#428","#Mart","#Ricold","#636293664000000000"
"#429","#Kerr","#Ferri","#636401664000000000"
"#430","#Loraine","#Pemble","#636390432000000000"
"#431","#Abbot","#Riggoll","#636332544000000000"
"#432","#Kelila","#Boich","#636362784000000000"
"#433","#Doll","#Stapele","#636456096000000000"
"#434","#Danielle","#Steers","#636488064000000000"
"#435","#Harmon","#Lumber","#636507072000000000"
"#436","#Chaim","#Drillingcourt","#636382656000000000"
"#437","#Adelina","#Shakspeare","#636428448000000000"
"#438","#Shurlocke","#Kenright","#636404256000000000"
"#439","#Delphinia","#Copner","#636410304000000000"
"#440","#Cassy","#Comfort","#636558048000000000"
"#441","#Harrison","#Matson","#636463872000000000"
"#442","#Eleonore","#Domsalla","#636552000000000000"
"#443","#Avrit","#Shory","#636367104000000000"
"#444","#Gonzales","#Allabush","#636310080000000000"
"#445","#Annabal","#Cecere","#636361920000000000"
"#446","#Jeane","#Mannin","#636580512000000000"
"#447","#Ange","#Blenkhorn","#636493248000000000"
"#448","#Mohammed","#Trevon","#636566688000000000"
"#449","#Linnell","#Retchless","#636577056000000000"
"#450","#Roosevelt","#Smyley","#636544224000000000"
"#451","#Nicol","#Rosengren","#636393024000000000"
"#452","#Veriee","#Parnaby","#636434496000000000"
"#453","#Gwenette","#Beckingham","#636569280000000000"
"#454","#Itch","#Bosence","#636312672000000000"
"#455","#Artie","#Tonkinson","#636577056000000000"
"#456","#Melina","#Gair","#636379200000000000"
"#457","#Genvieve","#Leat","#636423264000000000"
"#458","#Eduard","#Todarello","#636528672000000000"
"#459","#Emelia","#Cookley","#636479424000000000"
"#460","#Tully","#Behninck","#636337728000000000"
"#461","#Hatti","#Duignan","#636330816000000000"
"#462","#Benedikta","#Kitman","#636324768000000000"
"#463","#Arlinda","#Goldsby","#636584832000000000"
"#464","#Elvira","#Bosanko","#636381792000000000"
"#465","#Sherry","#Garnul","#636586560000000000"
"#466","#Hinze","#Coppo","#636277248000000000"
"#467","#Reilly","#Castro","#636416352000000000"
"#468","#Humphrey","#Trahear","#636588288000000000"
"#469","#Daphna","#Howton","#636281568000000000"
"#470","#Cornall","#Judkin","#636525216000000000"
"#471","#Ellwood","#Dreossi","#636568416000000000"
"#472","#Jean","#Cornwall","#636450048000000000"
"#473","#Cris","#Jancy","#636308352000000000"
"#474","#Yuma","#Pirnie","#636317856000000000"
"#475","#Lucio","#Turmel","#636519168000000000"
"#476","#Randall","#Cran","#636541632000000000"
"#477","#Olenka","#Dawton","#636520032000000000"
"#478","#Carlota","#Moylan","#636558912000000000"
"#479","#Enid","#Perrett","#636498432000000000"
"#480","#Charles","#Midden","#636351552000000000"
"#481","#Netti","#Alenin","#636479424000000000"
"#482","#Noellyn","#Eyeington","#636361920000000000"
"#483","#Elnora","#Weaving","#636417216000000000"
"#484","#Zolly","#Neath","#636577920000000000"
"#485","#Frasier","#MacGown","#636539904000000000"
"#486","#Stanton","#Robion","#636361920000000000"
"#487","#Ermanno","#Welland","#636406848000000000"
"#488","#Cully","#Trewman","#636475104000000000"
"#489","#Bendicty","#MacIlriach","#636301440000000000"
"#490","#Amalea","#Pittle","#636577056000000000"
"#491","#Batholomew","#Forbes","#636291072000000000"
"#492","#Osbourn","#Jaffrey","#636337728000000000"
"#493","#Sonny","#Yoselevitch","#636495840000000000"
"#494","#Wilmer","#Lowerson","#636443136000000000"
"#495","#Carena","#Braunfeld","#636349824000000000"
"#496","#Nalani","#Bladder","#636577056000000000"
"#497","#Caron","#Jancy","#636423264000000000"
"#498","#Kristian","#Luisetti","#636423264000000000"
"#499","#Marian","#Briar","#636329952000000000"
"#500","#Sinclare","#Batrim","#636516576000000000"
